Date,Open,High,Low,Close,Adj Close,Volume,Log Returns,RSI,ATR
2019-03-13,38.599998474121094,39.29999923706055,38.0,39.20000076293945,36.47085952758789,306000,,33.74345527101988,0.0
2019-03-14,39.5,40.650001525878906,39.31999969482422,39.959999084472656,37.177947998046875,279700,0.019202217139880486,33.74345527101988,0.0
2019-03-15,40.54999923706055,41.04999923706055,40.5,41.02000045776367,38.164154052734375,164200,0.02618090972486698,33.74345527101988,0.0
2019-03-18,41.72999954223633,41.72999954223633,40.470001220703125,40.86000061035156,38.01528549194336,581700,-0.003908370846058322,33.74345527101988,0.0
2019-03-19,41.400001525878906,41.400001525878906,39.04999923706055,39.54999923706055,36.79649353027344,2540200,-0.03258577250202238,33.74345527101988,0.0
2019-03-20,39.849998474121094,39.85100173950195,37.459999084472656,37.599998474121094,34.98225784301758,5147900,-0.05056154193985909,33.74345527101988,0.0
2019-03-21,38.0,38.90999984741211,37.84000015258789,38.880001068115234,36.17314147949219,8865500,0.03347588117997184,33.74345527101988,0.0
2019-03-22,38.7599983215332,38.84000015258789,36.54999923706055,37.459999084472656,34.85200500488281,4902500,-0.03720622739878083,33.74345527101988,0.0
2019-03-25,37.56999969482422,37.810001373291016,36.349998474121094,36.45000076293945,33.91231918334961,4035100,-0.027332321860556192,33.74345527101988,0.0
2019-03-26,36.459999084472656,37.349998474121094,36.459999084472656,36.709999084472656,34.15422439575195,3350900,0.007107933447394597,33.74345527101988,0.0
2019-03-27,36.75,37.16999816894531,36.060001373291016,36.20000076293945,33.67972946166992,2871300,-0.013990122828645757,33.74345527101988,0.0
2019-03-28,36.13999938964844,36.470001220703125,35.54999923706055,35.66999816894531,33.18661880493164,2220600,-0.014749410098592954,33.74345527101988,0.0
2019-03-29,35.880001068115234,36.16999816894531,35.38999938964844,35.880001068115234,33.38200378417969,2679200,0.0058701992835836925,33.74345527101988,0.0
2019-04-01,36.16999816894531,36.34000015258789,35.939998626708984,36.150001525878906,33.633209228515625,4338400,0.007497002833426113,33.74345527101988,0.0
2019-04-02,36.209999084472656,36.459999084472656,35.209999084472656,35.70000076293945,33.21453857421875,1491200,-0.012526259819180256,32.36519383843516,1.4765001024518694
2019-04-03,35.779998779296875,35.88999938964844,35.29999923706055,35.5,33.0284538269043,2831600,-0.005618261797888796,31.744561608315976,1.4131786774615853
2019-04-04,35.560001373291016,36.06999969482422,35.38999938964844,36.029998779296875,33.52156066894531,2223200,0.01481940673364598,35.28591960435344,1.3608087937268851
2019-04-05,35.9900016784668,37.09000015258789,35.939998626708984,36.97999954223633,34.405418395996094,2116200,0.026025229621123986,41.17713328304646,1.3457511317377437
2019-04-08,36.939998626708984,36.939998626708984,36.650001525878906,36.849998474121094,34.28447341918945,1929000,-0.0035214817958050255,40.632047500476205,1.2703401295300534
2019-04-09,36.810001373291016,37.06999969482422,36.59000015258789,36.88999938964844,34.32168197631836,1793900,0.0010847003614362276,40.8912862585954,1.2138872304376445
2019-04-10,36.90999984741211,37.04999923706055,35.86000061035156,35.93000030517578,33.428524017333984,843600,-0.026367734036360897,36.74365325215605,1.212180901599883
2019-04-11,35.97999954223633,36.5,35.529998779296875,36.40999984741211,33.87510299682617,978200,0.013270771675454584,40.01957684067203,1.1948823529644004
2019-04-12,36.470001220703125,37.08000183105469,35.91999816894531,36.95000076293945,34.37751007080078,3175200,0.014722253870408271,43.56079510725463,1.1923910179033272
2019-04-15,36.90999984741211,36.9900016784668,36.470001220703125,36.97999954223633,34.405418395996094,891200,0.0008114899248667863,43.75943002567192,1.1443631207504947
2019-04-16,37.11000061035156,37.279998779296875,36.93000030517578,37.209999084472656,34.61941146850586,1869000,0.006200486362026549,45.34773358495656,1.0876227888483947
2019-04-17,37.18000030517578,38.25,37.18000030517578,38.209999084472656,35.54978561401367,2122100,0.02651957583366971,51.73037340061319,1.0863639964180964
2019-04-18,38.34000015258789,38.369998931884766,37.91999816894531,37.91999816894531,35.27997589111328,2315200,-0.007618577903037447,49.90998424665027,1.0409094797410505
2019-04-22,37.84000015258789,37.880001068115234,37.11000061035156,37.2400016784668,34.64732360839844,1665000,-0.018095065866059024,45.836877278246476,1.0215588353140947
2019-04-23,37.220001220703125,37.81999969482422,37.06999969482422,37.599998474121094,34.98225784301758,5455100,0.009620532277899354,48.24495350554491,1.0021617756488024
2019-04-24,37.5099983215332,37.7599983215332,37.33000183105469,37.45000076293945,34.84270095825195,1230800,-0.003997340578209993,47.301292620963224,0.9612928267080676
2019-04-25,37.47999954223633,37.68000030517578,37.040000915527344,37.63999938964844,35.01947021484375,1422800,0.00506052505561878,48.670813307976246,0.9383432954895226
2019-04-26,37.79999923706055,37.939998626708984,37.400001525878906,37.90999984741211,35.270668029785156,2505700,0.007147485852675942,50.634125111054004,0.9098899958709908
2019-04-29,37.7400016784668,38.90999984741211,37.689998626708984,38.72999954223633,36.03358840942383,1716800,0.0213998303226109,56.123298038255605,0.9320407976447147
2019-04-30,38.59000015258789,38.779998779296875,37.88999938964844,38.5,35.819602966308594,1810000,-0.005956202407611362,54.29954526771208,0.9290378399306949
2019-05-01,38.65999984741211,38.79999923706055,38.09000015258789,38.7400016784668,36.042884826660156,1475000,0.006214162234736348,55.909528735169765,0.913392214540835
2019-05-02,38.75,38.79999923706055,36.5,36.84000015258789,34.27517318725586,2627700,-0.05028819636195276,42.99538993449223,1.012435573292243
2019-05-03,36.86000061035156,37.2599983215332,36.63999938964844,37.02000045776367,34.442630767822266,1229700,0.004873785319303857,44.307748375731784,0.9844043846202803
2019-05-06,36.720001220703125,37.400001525878906,36.470001220703125,37.310001373291016,34.71245193481445,1533900,0.007803404338007303,46.44709620959797,0.9805183789456733
2019-05-07,36.970001220703125,37.220001220703125,36.57500076293945,36.70000076293945,34.14491271972656,1412300,-0.01648486172269522,42.729052981416196,0.956552813146959
2019-05-08,36.560001373291016,37.08000183105469,36.27000045776367,36.81999969482422,34.25655746459961,2108700,0.0032643989585457557,43.68407672558413,0.9460848531572488
2019-05-09,38.08000183105469,38.630001068115234,36.95000076293945,37.970001220703125,35.32649612426758,3458200,0.030755275599556573,51.953038925844496,1.0077931760239465
2019-05-10,37.900001525878906,38.25,36.97999954223633,38.04999923706055,35.40093231201172,1633500,0.0021048754881189203,52.475849171048054,1.026522267576784
2019-05-13,37.47999954223633,38.150001525878906,37.220001220703125,37.5,34.88921356201172,1598400,-0.014560441844167979,48.563646495909886,1.019627841690998
2019-05-14,37.540000915527344,38.025001525878906,37.404998779296875,37.47999954223633,34.870609283447266,1663100,-0.0005333809131578975,48.42230375626109,0.9910831920403576
2019-05-15,37.2400016784668,37.47999954223633,37.130001068115234,37.22999954223633,34.63801956176758,873900,-0.006692423477656736,46.59640377352333,0.9452914264746958
2019-05-16,37.279998779296875,37.599998474121094,36.279998779296875,36.31999969482422,33.7913703918457,2680000,-0.02474645401532846,40.595615322675,0.9720563027853759
2019-05-17,36.08000183105469,37.06999969482422,36.08000183105469,36.83000183105469,34.48423767089844,1084400,0.020296884491738196,46.65064577964817,0.9733378428556728
2019-05-20,36.540000915527344,37.13999938964844,36.540000915527344,36.68000030517578,34.34379577636719,996400,-0.004080956041003528,45.63526321737707,0.9466707450889171
2019-05-21,36.81999969482422,37.525001525878906,36.63999938964844,37.18000030517578,34.81194305419922,1272400,0.013539134625556754,49.57517877836179,0.9422658444561708
2019-05-22,37.099998474121094,37.290000915527344,36.619998931884766,36.66999816894531,34.33442687988281,830200,-0.013811969191744865,45.91958564701086,0.9228184258266284
2019-05-23,36.38999938964844,36.630001068115234,36.18000030517578,36.5099983215332,34.18462371826172,1860100,-0.004372605837228991,44.80343591194303,0.8890457356204016
2019-05-24,36.5099983215332,36.7599983215332,36.400001525878906,36.45000076293945,34.12843704223633,828100,-0.0016449764677424696,44.367834005702385,0.8512565256228227
2019-05-28,36.59000015258789,36.95000076293945,36.11000061035156,36.15999984741211,33.856910705566406,2384600,-0.007987832361006371,42.23098907272736,0.8504524989774704
2019-05-29,36.0,36.15999984741211,35.279998779296875,35.29999923706055,33.05168533325195,1437600,-0.02407057681930534,36.60122073498794,0.8525631110587393
2019-05-30,35.36000061035156,35.69499969482422,34.689998626708984,34.810001373291016,32.59290313720703,1079700,-0.013977988943459143,33.83374906614813,0.8634515365627747
2019-05-31,34.54999923706055,34.810001373291016,34.25,34.709999084472656,32.499263763427734,1736500,-0.002877133849822661,33.28063356880779,0.8417765249005063
2019-06-03,34.61000061035156,34.810001373291016,33.31999969482422,33.779998779296875,31.628494262695312,2219500,-0.027159004182039842,28.598550482556547,0.8880783215838127
2019-06-04,34.029998779296875,34.810001373291016,33.75,34.09000015258789,31.918758392333984,2276200,0.009135442877743923,32.0312189161713,0.9003585395628987
2019-06-05,34.2400016784668,34.56999969482422,33.900001525878906,34.02000045776367,31.853206634521484,1346900,-0.0020558181286136367,31.66102822103629,0.8839042273759282
2019-06-06,34.0099983215332,34.22999954223633,33.599998474121094,33.7400016784668,31.591045379638672,1209100,-0.00826434984041356,30.159791377437315,0.8657682874287358
2019-06-07,33.84000015258789,34.04999923706055,33.65999984741211,33.68000030517578,31.534868240356445,925100,-0.0017798444692760397,29.833352366647176,0.831784794730143
2019-06-10,33.86000061035156,34.03799819946289,33.560001373291016,33.7400016784668,31.591045379638672,1142800,0.0017798444692759825,30.64180795486058,0.8065142255474095
2019-06-11,33.77000045776367,34.040000915527344,33.650001525878906,33.83000183105469,31.67531394958496,1201800,0.0026639313744072925,31.909181627213655,0.7767631658403401
2019-06-12,33.810001373291016,34.73500061035156,33.79999923706055,34.70000076293945,32.489906311035156,2240300,0.02539182830501223,42.79161459698723,0.7880658949439597
2019-06-13,34.959999084472656,35.119998931884766,34.599998474121094,34.939998626708984,32.7146110534668,1315400,0.006892333263071341,45.38465176798781,0.7689183637167963
2019-06-14,34.9900016784668,35.15999984741211,34.560001373291016,34.959999084472656,32.73334503173828,2414700,0.0005724847620527677,45.60601342572474,0.7568526573171033
2019-06-17,35.18000030517578,35.96500015258789,35.040000915527344,35.79999923706055,33.519840240478516,2288000,0.023743225429688194,54.029922651895745,0.7745775438026842
2019-06-18,36.09000015258789,36.720001220703125,35.709999084472656,35.83000183105469,33.547935485839844,2680900,0.0008378165728768429,54.30218005772066,0.7913935861189545
2019-06-19,35.880001068115234,36.08000183105469,35.349998474121094,35.7400016784668,33.46366882324219,2011500,-0.002514988497386501,53.2828851638106,0.7870085697485715
2019-06-20,36.150001525878906,36.150001525878906,35.310001373291016,35.349998474121094,33.0984992980957,1879700,-0.010972394653417194,48.99123432797729,0.7907936828085228
2019-06-21,35.36000061035156,37.0,35.040000915527344,35.880001068115234,33.59474182128906,4338300,0.014881618379682634,54.36987397957289,0.8743083543559609
2019-06-24,35.720001220703125,35.790000915527344,35.38999938964844,35.540000915527344,33.27639389038086,1621000,-0.00952130788599865,50.678055684691564,0.8404292951790284
2019-06-25,35.45000076293945,35.52000045776367,34.900001525878906,35.189998626708984,32.948692321777344,1853700,-0.009896680006033805,47.13037853148128,0.8246842692294383
2019-06-26,35.459999084472656,35.88999938964844,35.15999984741211,35.310001373291016,33.06105041503906,2271900,0.003404291461076599,48.46254243171992,0.8179210744442161
2019-06-27,35.36000061035156,36.119998931884766,35.060001373291016,35.75,33.47303009033203,2880900,0.01238417777837404,53.12630823206472,0.8352122518834685
2019-06-28,35.88999938964844,36.63999938964844,35.66999816894531,36.529998779296875,34.203346252441406,4921100,0.02158344026463173,60.03116992075223,0.8448400353705868
2019-07-01,36.81999969482422,36.869998931884766,35.71500015258789,35.959999084472656,33.66965103149414,2608800,-0.015726614176536292,53.79478277946647,0.8669942313653217
2019-07-02,35.959999084472656,36.56999969482422,35.959999084472656,36.529998779296875,34.203346252441406,1431200,0.015726614176536185,58.44395035242101,0.8486375441500532
2019-07-03,36.70000076293945,36.77000045776367,36.310001373291016,36.349998474121094,34.034812927246094,918900,-0.004939572517689269,56.51025260444214,0.8208776541730963
2019-07-05,36.279998779296875,36.77000045776367,36.06999969482422,36.560001373291016,34.23143768310547,1190600,0.005760541931965473,58.245991109476236,0.8122435905135504
2019-07-08,36.36000061035156,36.935001373291016,36.04999923706055,36.130001068115234,33.828819274902344,910700,-0.011831371868900006,53.53437135146876,0.8174406294933304
2019-07-09,35.97999954223633,36.290000915527344,35.790000915527344,36.0099983215332,33.716461181640625,1661300,-0.0033269000035633925,52.26379561390121,0.7947662988152354
2019-07-10,36.11000061035156,36.40999984741211,36.029998779296875,36.13999938964844,33.83818817138672,1177600,0.0036038118073453912,53.55003108908168,0.766568815034069
2019-07-11,36.130001068115234,36.369998931884766,35.849998474121094,36.310001373291016,33.99735641479492,1206500,0.004692776817268189,55.24803593014068,0.748956789514755
2019-07-12,36.31999969482422,37.0099983215332,36.31999969482422,36.959999084472656,34.60595703125,1582900,0.01774306669036763,61.10307050527623,0.7454596579952859
2019-07-15,37.119998931884766,37.209999084472656,36.61000061035156,37.040000915527344,34.68086242675781,1344900,0.0021621839557910616,61.766097767312885,0.7350695734328436
2019-07-16,37.08000183105469,37.11000061035156,36.61000061035156,36.689998626708984,34.35315704345703,1613100,-0.00949409718187475,57.17440445157737,0.7182788896162119
2019-07-17,36.619998931884766,36.720001220703125,36.09299850463867,36.16999816894531,33.86627197265625,1892200,-0.014274330493872764,51.09665559866361,0.7117591629339434
2019-07-18,36.099998474121094,36.7599983215332,36.0,36.61000061035156,34.27824783325195,3001300,0.01209138698320567,55.4153861134305,0.7152048171196048
2019-07-19,36.709999084472656,36.7599983215332,36.20000076293945,36.45000076293945,34.12843704223633,1934300,-0.004380011421164196,53.562971420326846,0.7041185843677581
2019-07-22,36.470001220703125,36.63999938964844,36.279998779296875,36.31999969482422,34.00672149658203,1557800,-0.003572771465901933,52.04088209770435,0.679538729080887
2019-07-23,36.349998474121094,36.75,35.9900016784668,36.5099983215332,34.18462371826172,2003200,0.005217747933644415,54.09423099572582,0.685285842827481
2019-07-24,36.459999084472656,37.08000183105469,36.439998626708984,36.88999938964844,34.5404167175293,1233500,0.010354193339125104,57.969949159674634,0.6820513686502111
2019-07-25,36.90999984741211,37.540000915527344,36.900001525878906,37.43000030517578,35.046024322509766,1411800,0.014532040876133604,62.77914192245301,0.6797620941665465
2019-07-26,37.369998931884766,38.029998779296875,37.33000183105469,37.4900016784668,35.10220718383789,915600,0.0016018329225075635,63.28190953832572,0.6812074408862351
2019-07-29,37.439998626708984,37.84000015258789,37.34000015258789,37.689998626708984,35.28946304321289,885800,0.005320410795430394,64.97982279962582,0.668264052251504
2019-07-30,37.5,38.060001373291016,37.5,37.849998474121094,35.439273834228516,1825500,0.004236213501479854,66.32159649445055,0.6605310037543263
2019-07-31,37.70000076293945,37.70000076293945,36.77199935913086,37.20000076293945,34.83067321777344,1831300,-0.017322222655339337,56.80049811663306,0.6796360323296311
2019-08-01,37.15999984741211,37.45000076293945,36.689998626708984,36.84000015258789,34.49360656738281,1757900,-0.00972442289021581,52.320554963751775,0.6853764683225482
2019-08-02,36.84000015258789,36.849998474121094,36.290000915527344,36.560001373291016,34.23143768310547,1113400,-0.00762953764146654,49.07821071154535,0.6764208319133483
2019-08-05,36.279998779296875,36.47999954223633,35.75,36.0,33.70709991455078,2043700,-0.015435957209689745,43.298873229745645,0.680247882650704
2019-08-06,35.93000030517578,36.5099983215332,35.849998474121094,36.400001525878906,34.08163070678711,1536300,0.011050055068519034,48.00846282962368,0.6788015944193758
2019-08-07,36.04999923706055,36.93000030517578,35.7599983215332,36.790000915527344,34.4467887878418,1784900,0.01065722921546588,52.17896557036291,0.7138873365067474
2019-08-08,37.34000015258789,37.34000015258789,34.88999938964844,35.0,32.77079391479492,3361100,-0.04987809011404746,37.36436828827906,0.8378954383947977
2019-08-09,34.95000076293945,35.560001373291016,34.880001068115234,35.369998931884766,33.11723327636719,1337100,0.010516100390789533,41.08776339221182,0.8266172145934394
2019-08-12,35.279998779296875,35.279998779296875,34.66999816894531,34.810001373291016,32.59290313720703,1335100,-0.01595922019020523,37.45840985814802,0.8111446000047339
2019-08-13,34.66999816894531,35.529998779296875,34.66999816894531,35.0,32.77079391479492,1708100,0.005443119799415659,39.41375795839499,0.8146343150295073
2019-08-14,34.779998779296875,34.779998779296875,33.369998931884766,33.65999984741211,31.516136169433594,1372300,-0.03903801527668816,31.850232213289303,0.8571604244854074
2019-08-15,33.650001525878906,34.029998779296875,32.709999084472656,32.810001373291016,30.720279693603516,2007500,-0.02557666117114215,28.158876231841816,0.8902203723667511
2019-08-16,33.09000015258789,33.290000915527344,32.709999084472656,33.0099983215332,30.90753936767578,1399300,0.00607713377627801,30.208481211503837,0.8680619051301751
2019-08-19,33.310001373291016,33.900001525878906,33.29999923706055,33.599998474121094,31.459964752197266,1622600,0.01771563060511647,36.00854882531657,0.8696291407884271
2019-08-20,33.5,33.81999969482422,33.25,33.36000061035156,31.235248565673828,1711200,-0.007168558393674736,34.743662724810335,0.8482270375052694
2019-08-21,33.470001220703125,33.5099983215332,32.869998931884766,33.150001525878906,31.038623809814453,1408700,-0.0063148605271053536,33.63047768650635,0.8333536340869242
2019-08-22,33.189998626708984,33.34000015258789,32.72999954223633,32.81999969482422,30.729644775390625,1438800,-0.010004541770763094,31.900786209866354,0.8173998466772555
2019-08-23,32.65999984741211,32.720001220703125,31.329999923706055,31.440000534057617,29.437538146972656,1459900,-0.04295714889837852,25.901332100093654,0.858299950271528
2019-08-26,31.670000076293945,31.81999969482422,31.280000686645508,31.709999084472656,29.690340042114258,1508600,0.008551074156789634,28.725629296940383,0.8355641686934696
2019-08-27,31.899999618530273,32.04999923706055,31.610000610351562,31.6200008392334,29.60607147216797,1763500,-0.002842284196467672,28.337892053877766,0.8073094871231492
2019-08-28,31.670000076293945,31.940000534057617,31.329999923706055,31.559999465942383,29.54989242553711,1002000,-0.0018993541755840085,28.065909832614622,0.7932159959251788
2019-08-29,31.780000686645508,32.79999923706055,31.665000915527344,32.45000076293945,30.383211135864258,1727100,0.02781008716619542,37.62859682819961,0.8251291227246778
2019-08-30,33.27000045776367,33.310001373291016,32.470001220703125,32.79999923706055,30.71091651916504,1295500,0.010727987740663525,40.95290188894727,0.8276199432694552
2019-09-03,32.400001525878906,32.73500061035156,32.15999984741211,32.43000030517578,30.578908920288086,904800,-0.004307657985880212,40.02740944115554,0.8095757161030265
2019-09-04,32.650001525878906,33.2599983215332,32.53499984741211,33.209999084472656,31.314388275146484,970400,0.023767160878449708,47.18840959072026,0.8110344518354833
2019-09-05,33.52000045776367,34.029998779296875,33.22999954223633,33.90999984741211,31.974424362182617,965300,0.02085866333326254,52.65229615353792,0.8116748263346787
2019-09-06,33.95000076293945,34.349998474121094,33.72999954223633,33.869998931884766,31.936710357666016,875100,-0.001180201511348352,52.319212532173786,0.7979836910168278
2019-09-09,33.68000030517578,34.02000045776367,33.310001373291016,33.9900016784668,32.04986572265625,792500,0.003536850692125007,53.27431253547904,0.7916990762636728
2019-09-10,33.7599983215332,34.41999816894531,33.7599983215332,34.220001220703125,32.26673889160156,1421800,0.0067439502508052016,55.12947495285417,0.7822919884885611
2019-09-11,34.099998474121094,34.22999954223633,33.619998931884766,33.970001220703125,32.031009674072266,1073800,-0.00733245810159429,52.681124689236405,0.7699854614787754
2019-09-12,34.119998931884766,34.119998931884766,33.59000015258789,33.70000076293945,31.776416778564453,1159600,-0.007980081966516334,50.09357177184164,0.7528435556086397
2019-09-13,33.68000030517578,34.08000183105469,33.45000076293945,33.709999084472656,31.785846710205078,938800,0.00029671478617102173,50.191157789704015,0.7440690922162536
2019-09-16,33.52000045776367,33.65999984741211,33.349998474121094,33.4900016784668,31.57840919494629,653100,-0.006547484961605947,47.96909624027933,0.7130642551501651
2019-09-17,33.459999084472656,33.459999084472656,32.720001220703125,32.81999969482422,30.9466495513916,890000,-0.020208894063622196,41.886949850031904,0.7149880843372627
2019-09-18,32.68000030517578,32.84000015258789,32.029998779296875,32.5,30.64491081237793,1207900,-0.009798133095618559,39.32246608701274,0.7217747478339593
2019-09-19,32.56999969482422,32.65999984741211,31.899999618530273,31.969999313354492,30.14516258239746,629400,-0.016442141312974317,35.451167765424074,0.724505139337379
2019-09-20,31.889999389648438,32.29999923706055,31.6299991607666,32.08000183105469,30.24888801574707,1538800,0.0034349587189403947,36.84102327977637,0.7206119205485624
2019-09-23,32.15999984741211,32.334999084472656,31.8799991607666,32.18000030517578,30.343177795410156,841400,0.003112283910799429,38.1448538175138,0.7016396350598119
2019-09-24,32.31999969482422,32.349998474121094,31.399999618530273,31.530000686645508,29.73027801513672,1201700,-0.020405719602471603,33.32856805764219,0.7193795793834553
2019-09-25,31.479999542236328,32.16999816894531,31.479999542236328,32.0,30.173452377319336,1456400,0.014796489127521314,39.29695053288667,0.7172809399067074
2019-09-26,32.060001373291016,32.060001373291016,31.350000381469727,31.469999313354492,29.673702239990234,1314000,-0.016701270322624626,35.44376685461053,0.7167609436148918
2019-09-27,31.510000228881836,31.709999084472656,31.1299991607666,31.479999542236328,29.683134078979492,860400,0.00031780127289651614,35.572166117815385,0.7069922993356892
2019-09-30,31.68000030517578,31.850000381469727,31.34000015258789,31.540000915527344,29.739709854125977,700200,0.0019041765252757342,36.38944885679495,0.6929214371604139
2019-10-01,31.700000762939453,32.0099983215332,31.1299991607666,31.18000030517578,29.400259017944336,880700,-0.011479700462586733,33.63273297101048,0.706284131703713
2019-10-02,30.989999771118164,31.200000762939453,30.260000228881836,30.309999465942383,28.57991600036621,1123900,-0.02829925104803684,28.093755317473452,0.7229781604432776
2019-10-03,30.25,30.43000030517578,29.670000076293945,30.389999389648438,28.65534782409668,1061100,0.002635852876823562,29.247613286451255,0.7256225939031745
2019-10-04,30.5,30.780000686645508,30.34000015258789,30.485000610351562,28.74492835998535,996300,0.0031212605433407776,30.670426872277673,0.7052210181999204
2019-10-07,30.510000228881836,31.040000915527344,30.479999542236328,30.489999771118164,28.74964141845703,951500,0.00016394795196826757,30.749331909921835,0.694848186420713
2019-10-08,30.209999084472656,30.209999084472656,29.610000610351562,30.03499984741211,28.320613861083984,1232500,-0.015035350287749568,27.662936724283256,0.6880732069707403
2019-10-09,30.209999084472656,30.40999984741211,29.940000534057617,30.260000228881836,28.532772064208984,1147600,0.0074633791629014155,31.3333986561137,0.6724965002838654
2019-10-10,30.219999313354492,30.530000686645508,30.049999237060547,30.424999237060547,28.688352584838867,1161300,0.005437883472851014,33.97898607069416,0.6587468538053722
2019-10-11,30.649999618530273,31.479999542236328,30.6299991607666,31.15999984741211,29.381397247314453,1571700,0.02387052027389384,44.27796597152809,0.6870506717604015
2019-10-14,31.059999465942383,31.1299991607666,30.7450008392334,31.010000228881836,29.239959716796875,1178700,-0.004825470179877242,42.8102307547347,0.6654755038870303
2019-10-15,31.020000457763672,31.510000228881836,30.799999237060547,31.440000534057617,29.645418167114258,1148900,0.013771325676452261,48.119453755902946,0.6686558958823345
2019-10-16,31.350000381469727,31.59000015258789,31.260000228881836,31.584999084472656,29.78213882446289,1159900,0.004601262629200236,49.81141360030355,0.6444661835840287
2019-10-17,31.5,31.719999313354492,31.149999618530273,31.489999771118164,29.692562103271484,2047600,-0.0030122653002742535,48.69099611383915,0.6391471486726138
2019-10-18,31.6299991607666,32.06999969482422,31.479999542236328,31.524999618530273,29.725561141967773,2453800,0.0011107399657435803,49.14480929801021,0.6356366489522765
2019-10-21,31.709999084472656,32.154998779296875,31.56999969482422,32.09000015258789,30.25831413269043,1581800,0.01776367389767569,55.922879081206254,0.6352339712247282
2019-10-22,32.15999984741211,32.86000061035156,31.92799949645996,32.77000045776367,30.89949607849121,1518800,0.02096888155637677,62.415494276521024,0.6564316242723621
2019-10-23,32.869998931884766,33.0099983215332,32.5,32.61000061035156,30.748628616333008,905100,-0.004894480216093143,60.16963368077133,0.6459721026481365
2019-10-24,32.560001373291016,32.72999954223633,31.200000762939453,31.600000381469727,29.796283721923828,1454000,-0.03146171699842223,48.34417727430781,0.7091168652659036
2019-10-25,31.6200008392334,32.060001373291016,31.6200008392334,31.700000762939453,29.890579223632812,1280500,0.003159676200283167,49.40448987856175,0.6913228743055739
2019-10-28,31.719999313354492,32.65999984741211,31.719999313354492,32.209999084472656,30.371461868286133,2133600,0.0159600585566325,54.53037453288285,0.7105140321746513
2019-10-29,32.15999984741211,32.209999084472656,31.84000015258789,32.04999923706055,30.220598220825195,1105600,-0.0049796609980380145,52.72565781860712,0.6861915250110879
2019-10-30,31.979999542236328,32.060001373291016,31.299999237060547,31.360000610351562,29.569984436035156,1198100,-0.021763944654471585,45.7010780965577,0.691463711526758
2019-10-31,31.170000076293945,31.260000228881836,30.94300079345703,31.239999771118164,29.456830978393555,1528000,-0.003833972592081481,44.58845014074879,0.6647162632337613
2019-11-01,31.360000610351562,31.959999084472656,31.18000030517578,31.860000610351562,30.04144287109375,2991700,0.0196520224742741,51.19898872245791,0.6729507286668408
2019-11-04,32.040000915527344,32.040000915527344,31.729999542236328,31.899999618530273,30.079158782958984,1461400,0.00125467529516731,51.60015293743941,0.6470257747114248
2019-11-05,31.899999618530273,32.45000076293945,31.899999618530273,32.150001525878906,30.314891815185547,2289200,0.007806538129553202,54.13778638833938,0.6400954439755501
2019-11-06,32.18000030517578,32.459999084472656,31.670000076293945,32.33000183105469,30.484615325927734,1425800,0.005583069981614713,55.92938318619244,0.650802841418633
2019-11-07,33.150001525878906,34.26499938964844,32.7400016784668,34.25,32.295021057128906,2728600,0.057690930698955395,69.58023412778489,0.7425310355025699
2019-11-08,34.13999938964844,34.52000045776367,33.90999984741211,34.43000030517578,32.46474838256836,1551500,0.005241764000336397,70.5027063603666,0.7330645765632122
2019-11-11,34.2400016784668,34.33000183105469,33.939998626708984,34.220001220703125,32.26673889160156,768800,-0.006117891520990071,67.91518900289756,0.7085601928333902
2019-11-12,34.209999084472656,34.369998931884766,33.755001068115234,33.810001373291016,31.88014030456543,995800,-0.01205368905416779,63.04977331290933,0.7018771693288288
2019-11-13,33.630001068115234,33.959999084472656,33.470001220703125,33.56999969482422,31.653837203979492,994800,-0.007123875020120931,60.32539066221674,0.6867429332174504
2019-11-14,33.459999084472656,33.779998779296875,33.279998779296875,33.45000076293945,31.540687561035156,1251300,-0.0035809989640746345,58.95374065532294,0.6734041522733467
2019-11-15,33.75,33.970001220703125,33.38999938964844,33.595001220703125,31.677410125732422,1682400,0.004325431573110244,60.13331411728316,0.6667325579005853
2019-11-18,33.58000183105469,34.47999954223633,33.54999923706055,34.459999084472656,32.4930305480957,1344300,0.02542180914242189,66.34649852752216,0.6855373969916707
2019-11-19,34.66999816894531,35.47999954223633,34.470001220703125,35.43000030517578,33.40766906738281,1301600,0.027759864756397263,71.6772207882286,0.7094276156182422
2019-11-20,35.189998626708984,35.54999923706055,34.900001525878906,34.994998931884766,32.99749755859375,1548900,-0.01235375938820663,66.58363107057602,0.7051826224441992
2019-11-21,35.0,35.43000030517578,34.689998626708984,34.779998779296875,32.79476547241211,979500,-0.0061628136347077565,64.15686658870189,0.7076696978743847
2019-11-22,34.77000045776367,35.16999816894531,34.75,34.875,32.884342193603516,1139800,0.002727709919186726,64.76788766714427,0.6871217315223082
2019-11-25,34.880001068115234,35.0,34.58000183105469,34.849998474121094,32.860774993896484,1108800,-0.0007169262669118804,64.45656204484123,0.6680414770525227
2019-11-26,34.880001068115234,35.290000915527344,34.779998779296875,35.189998626708984,33.181365966796875,1473000,0.009708755242426922,66.79480260032454,0.6567529527080903
2019-11-27,35.29999923706055,35.38999938964844,34.89500045776367,35.029998779296875,33.03049850463867,757300,-0.004557120523808321,64.63974746443478,0.6451990940778528
2019-11-29,34.900001525878906,35.209999084472656,34.619998931884766,34.97999954223633,32.98335266113281,528700,-0.0014283624024031823,63.94543055881021,0.6412563125428555
2019-12-02,34.959999084472656,35.22999954223633,34.744998931884766,34.814998626708984,32.82777786254883,1014400,-0.00472792632937908,61.59428755288785,0.6300951909577632
2019-12-03,34.540000915527344,34.630001068115234,33.9900016784668,34.349998474121094,32.38930892944336,1072000,-0.013446646005466079,55.41061142007008,0.6308026337213829
2019-12-04,34.290000915527344,34.84000015258789,34.189998626708984,34.63999938964844,32.662757873535156,1198100,0.00840712887810862,58.22719136238672,0.632173983161206
2019-12-05,34.790000915527344,35.0,34.45000076293945,34.6349983215332,32.65804672241211,1203100,-0.00014424657382456032,58.15902922786005,0.6263043584397303
2019-12-06,34.880001068115234,35.04999923706055,34.53499984741211,34.599998474121094,32.62504196166992,892900,-0.0010111275130945624,57.64987431182068,0.6183540035260665
2019-12-09,34.66999816894531,35.18000030517578,34.5099983215332,34.790000915527344,32.80419921875,1049300,0.0054763803340083924,59.71171033354038,0.6220431449629602
2019-12-10,34.77000045776367,35.15999984741211,34.47999954223633,34.91999816894531,32.92677688598633,1210700,0.0037296816993647457,61.10690111400222,0.6261829421210188
2019-12-11,35.02000045776367,35.709999084472656,35.02000045776367,35.290000915527344,33.275657653808594,1647300,0.010539914430619692,64.83910257668666,0.6378842259357562
2019-12-12,35.380001068115234,36.060001373291016,35.2400016784668,35.959999084472656,33.90741729736328,1350800,0.018807661498095204,70.38168771211603,0.6508924737135036
2019-12-13,35.91999816894531,36.11000061035156,35.63999938964844,35.86000061035156,33.81312561035156,1363600,-0.002784731010620002,68.64247943682665,0.637971669927048
2019-12-16,36.029998779296875,36.18000030517578,35.810001373291016,35.88999938964844,33.84141159057617,1097800,0.0008361887625883005,68.89082869644906,0.618830760066885
2019-12-17,35.869998931884766,36.33000183105469,35.560001373291016,36.2400016784668,34.17143630981445,1019300,0.009704851941378292,71.70641623446467,0.6296285956166555
2019-12-18,36.279998779296875,36.400001525878906,35.959999084472656,36.0,33.945133209228516,1880800,-0.006644607466444052,67.21410604550516,0.6160838703159123
2019-12-19,35.900001525878906,36.220001220703125,35.84000015258789,36.04999923706055,33.992279052734375,1098600,0.0013879201313186324,67.66854397352523,0.5992208130158639
2019-12-20,36.13999938964844,36.393001556396484,35.849998474121094,36.220001220703125,34.152584075927734,2579000,0.004704839412280289,69.23025214593964,0.5952052608201158
2019-12-23,36.15999984741211,36.790000915527344,36.15999984741211,36.630001068115234,34.5391731262207,1149200,0.01125588127603844,72.65998623247324,0.59769067562691
2019-12-24,36.61000061035156,36.79999923706055,36.4900016784668,36.5,34.416587829589844,347100,-0.0035554803273734024,69.99569698871466,0.5771411672673986
2019-12-26,36.63999938964844,36.86000061035156,36.5,36.79999923706055,34.699466705322266,696700,0.008185665607273771,72.50147332856805,0.5616311274876961
2019-12-27,36.95000076293945,36.95000076293945,36.54999923706055,36.724998474121094,34.62874984741211,832800,-0.002040060626178887,70.90722355525853,0.5500861559442111
2019-12-30,36.790000915527344,36.86000061035156,36.38999938964844,36.439998626708984,34.360015869140625,894000,-0.00779069852062385,65.05310057661575,0.5443658034269906
2019-12-31,36.31999969482422,36.525001525878906,36.14500045776367,36.400001525878906,34.322303771972656,988400,-0.0010981603753325495,64.25142817508475,0.5326254651904365
